adapter_set	adapter_name	adapter_sequence
Illumina TruSeq Stranded mRNA LT Sample Prep Kit Set A	AR002	CGATGT
Illumina TruSeq Stranded mRNA LT Sample Prep Kit Set A	AR004	TGACCA
Illumina TruSeq Stranded mRNA LT Sample Prep Kit Set A	AR005	ACAGTG
Illumina TruSeq Stranded mRNA LT Sample Prep Kit Set A	AR006	GCCAAT
Illumina TruSeq Stranded mRNA LT Sample Prep Kit Set A	AR007	CAGATC
Illumina TruSeq Stranded mRNA LT Sample Prep Kit Set A	AR012	CTTGTA
Illumina TruSeq Stranded mRNA LT Sample Prep Kit Set A	AR013	AGTCAA
Illumina TruSeq Stranded mRNA LT Sample Prep Kit Set A	AR014	AGTTCC
Illumina TruSeq Stranded mRNA LT Sample Prep Kit Set A	AR015	ATGTCA
Illumina TruSeq Stranded mRNA LT Sample Prep Kit Set A	AR016	CCGTCC
Illumina TruSeq Stranded mRNA LT Sample Prep Kit Set A	AR018	GTCCGC
Illumina TruSeq Stranded mRNA LT Sample Prep Kit Set A	AR019	GTGAAA
Illumina TruSeq Stranded mRNA LT Sample Prep Kit Set B	AR001	ATCACG
Illumina TruSeq Stranded mRNA LT Sample Prep Kit Set B	AR003	TTAGGC
Illumina TruSeq Stranded mRNA LT Sample Prep Kit Set B	AR008	ACTTGA
Illumina TruSeq Stranded mRNA LT Sample Prep Kit Set B	AR009	GATCAG
Illumina TruSeq Stranded mRNA LT Sample Prep Kit Set B	AR010	TAGCTT
Illumina TruSeq Stranded mRNA LT Sample Prep Kit Set B	AR011	GGCTAC
Illumina TruSeq Stranded mRNA LT Sample Prep Kit Set B	AR020	GTGGCC
Illumina TruSeq Stranded mRNA LT Sample Prep Kit Set B	AR021	GTTTCG
Illumina TruSeq Stranded mRNA LT Sample Prep Kit Set B	AR022	CGTACG
Illumina TruSeq Stranded mRNA LT Sample Prep Kit Set B	AR023	GAGTGG
Illumina TruSeq Stranded mRNA LT Sample Prep Kit Set B	AR025	ACTGAT
Illumina TruSeq Stranded mRNA LT Sample Prep Kit Set B	AR027	ATTCCT
Agilent SureSelect XT	ASS01	ATCACG
Agilent SureSelect XT	ASS02	CGATGT
Agilent SureSelect XT	ASS03	TTAGGC
Agilent SureSelect XT	ASS04	TGACCA
Agilent SureSelect XT	ASS05	ACAGTG
Agilent SureSelect XT	ASS06	GCCAAT
Agilent SureSelect XT	ASS07	CAGATC
Agilent SureSelect XT	ASS08	ACTTGA
Agilent SureSelect XT	ASS09	GATCAG
Agilent SureSelect XT	ASS10	TAGCTT
Agilent SureSelect XT	ASS11	GGCTAC
Agilent SureSelect XT	ASS12	CTTGTA
Agilent SureSelect XT	ASS13	AAACAT
Agilent SureSelect XT	ASS14	CAAAAG
Agilent SureSelect XT	ASS15	GAAACC
Agilent SureSelect XT	ASS16	AAAGCA
